"Items","Size","Frequency","Support","Score"
"mashed potato",1,31,0.0041327822956939075,1.0
"chutney",1,31,0.0041327822956939075,1.0
"chocolate bread",1,32,0.004266097853619517,1.0
"oatmeal",1,33,0.004399413411545127,1.0
"ketchup",1,33,0.004399413411545127,1.0
"dessert wine",1,33,0.004399413411545127,1.0
"sandwich",1,34,0.004532728969470737,1.0
"babies food",1,34,0.004532728969470737,1.0
"corn",1,36,0.004799360085321957,1.0
"cauliflower",1,36,0.004799360085321957,1.0
"asparagus",1,36,0.004799360085321957,1.0
"shampoo",1,37,0.004932675643247567,1.0
"salad",1,37,0.004932675643247567,1.0
"hand protein bar",1,39,0.005199306759098787,1.0
"mint green tea",1,42,0.005599253432875617,1.0
"burger sauce",1,44,0.005865884548726837,1.0
"pickles",1,45,0.005999200106652446,1.0
"mayonnaise",1,46,0.0061325156645780565,1.0
"chili",1,46,0.0061325156645780565,1.0
"sparkling water",1,47,0.006265831222503666,1.0
"soda",1,47,0.006265831222503666,1.0
"pet food",1,49,0.006532462338354886,1.0
"gluten free bar",1,52,0.006932409012131715,1.0
"spinach",1,53,0.007065724570057326,1.0
"strong cheese",1,58,0.007732302359685375,1.0
"shallot",1,58,0.007732302359685375,1.0
"toothpaste",1,61,0.008132249033462205,1.0
"clothes accessories",1,63,0.008398880149313425,1.0
"green beans",1,65,0.008665511265164644,1.0
"bug spray",1,65,0.008665511265164644,1.0
"bacon",1,65,0.008665511265164644,1.0
"antioxydant juice",1,67,0.008932142381015865,1.0
"green grapes",1,68,0.009065457938941474,1.0
"flax seed",1,68,0.009065457938941474,1.0
"salt",1,69,0.009198773496867084,1.0
"blueberries",1,69,0.009198773496867084,1.0
"whole weat flour",1,70,0.009332089054792695,1.0
"zucchini",1,71,0.009465404612718305,1.0
"candy bars",1,73,0.009732035728569524,1.0
"nonfat milk",1,78,0.010398613518197574,1.0
"cider",1,79,0.010531929076123183,1.0
"barbecue sauce",1,81,0.010798560191974404,1.0
"magazines",1,82,0.010931875749900012,1.0
"yams",1,86,0.011465137981602452,1.0
"body spray",1,86,0.011465137981602452,1.0
"melons",1,90,0.011998400213304892,1.0
"extra dark chocolate",1,90,0.011998400213304892,1.0
"eggplant",1,99,0.013198240234635382,1.0
"gums",1,101,0.013464871350486601,1.0
"fromage blanc",1,102,0.013598186908412212,1.0
"tomato sauce",1,106,0.014131449140114652,1.0
"black tea",1,107,0.014264764698040262,1.0
"carrots",1,115,0.01533128916144514,1.0
"light cream",1,117,0.01559792027729636,1.0
"pasta",1,118,0.01573123583522197,1.0
"white wine",1,124,0.01653112918277563,1.0
"mint",1,131,0.0174643380882549,1.0
"protein bar",1,139,0.01853086255165978,1.0
"rice",1,141,0.018797493667511,1.0
"mushroom cream sauce",1,143,0.019064124783362217,1.0
"parmesan cheese",1,149,0.01986401813091588,1.0
"almonds",1,153,0.020397280362618318,1.0
"meatballs",1,157,0.020930542594320756,1.0
"strawberries",1,160,0.021330489268097587,1.0
"fresh tuna",1,167,0.022263698173576856,1.0
"french wine",1,169,0.022530329289428077,1.0
"oil",1,173,0.023063591521130515,1.0
"muffins",1,181,0.024130115984535395,1.0
"vegetables mix",1,193,0.025729902679642713,1.0
"cereals",1,193,0.025729902679642713,1.0
"pepper",1,199,0.026529796027196375,1.0
"ham",1,199,0.026529796027196375,1.0
"energy drink",1,200,0.026663111585121985,1.0
"energy bar",1,203,0.027063058258898813,1.0
"light mayo",1,204,0.027196373816824423,1.0
"yogurt cake",1,205,0.027329689374750034,1.0
"red wine",1,211,0.028129582722303693,1.0
"whole wheat pasta",1,221,0.029462738301559793,1.0
"butter",1,226,0.030129316091187842,1.0
"tomato juice",1,228,0.030395947207039063,1.0
"cottage cheese",1,239,0.03186241834422077,1.0
"hot dogs",1,243,0.03239568057592321,1.0
"avocado",1,250,0.03332888948140248,1.0
"brownies",1,253,0.03372883615517931,1.0
"salmon",1,319,0.04252766297826956,1.0
"fresh bread",1,323,0.043060925209972005,1.0
"champagne",1,351,0.04679376083188908,1.0
"honey",1,356,0.047460338621517134,1.0
"herb & pepper",1,371,0.04946007199040128,1.0
"soup",1,379,0.05052659645380616,1.0
"cooking oil",1,383,0.0510598586855086,1.0
"grated cheese",1,393,0.0523930142647647,1.0
"whole wheat rice",1,439,0.058525529929342755,1.0
"chicken",1,450,0.05999200106652446,1.0
"turkey",1,469,0.06252499666711105,1.0
"frozen smoothie",1,475,0.06332489001466471,1.0
"olive oil",1,494,0.0658578856152513,1.0
"tomatoes",1,513,0.06839088121583789,1.0
"shrimp",1,536,0.07145713904812692,1.0
"low fat yogurt",1,574,0.07652313024930009,1.0
"escalope",1,595,0.0793227569657379,1.0
"cookies",1,603,0.08038928142914278,1.0
"cake",1,608,0.08105585921877083,1.0
"burgers",1,654,0.0871883748833489,1.0
"pancakes",1,713,0.09505399280095987,1.0
"frozen vegetables",1,715,0.09532062391681109,1.0
"ground beef",1,737,0.09825356619117451,1.0
"milk",1,972,0.12958272230369283,1.0
"green tea",1,991,0.13211571790427942,1.0
"chocolate",1,1229,0.1638448206905746,1.0
"french fries",1,1282,0.1709105452606319,1.0
"spaghetti",1,1306,0.17411011865084655,1.0
"eggs",1,1348,0.17970937208372217,1.0
"mineral water",1,1788,0.23836821757099053,1.0
"mineral water, nonfat milk",2,38,0.005065991201173177,2.0438105891126024
"eggs, cider",2,32,0.004266097853619517,2.2539909101153137
"mineral water, body spray",2,31,0.0041327822956939075,1.5122197076114667
"french fries, body spray",2,32,0.004266097853619517,2.1771215034647895
"spaghetti, extra dark chocolate",2,31,0.0041327822956939075,1.9783137655266292
"mineral water, extra dark chocolate",2,43,0.005732568990801226,2.004368630375342
"mineral water, gums",2,37,0.004932675643247567,1.5368518395463708
"mineral water, fromage blanc",2,34,0.004532728969470737,1.3983967188665174
"chocolate, tomato sauce",2,38,0.005065991201173177,2.1879883936932925
"ground beef, tomato sauce",2,40,0.005332622317024397,3.840659481324083
"mineral water, tomato sauce",2,43,0.005732568990801226,1.7018224220167997
"spaghetti, tomato sauce",2,47,0.006265831222503666,2.546642491837383
"milk, black tea",2,32,0.004266097853619517,2.3079112341833006
"spaghetti, black tea",2,34,0.004532728969470737,1.825034706816848
"eggs, black tea",2,37,0.004932675643247567,1.924186749493885
"mineral water, black tea",2,40,0.005332622317024397,1.5682953856446924
"spaghetti, carrots",2,35,0.004666044527396347,1.7480191757107666
"mineral water, carrots",2,40,0.005332622317024397,1.4591965762085402
"chicken, light cream",2,34,0.004532728969470737,4.84395061728395
"spaghetti, light cream",2,40,0.005332622317024397,1.9635868640462821
"mineral water, light cream",2,55,0.007332355685908546,1.9720979368630378
"shrimp, pasta",2,38,0.005065991201173177,4.506672147735896
"escalope, pasta",2,44,0.005865884548726837,4.700811850163794
"mineral water, white wine",2,33,0.004399413411545127,1.116461896514397
"spaghetti, white wine",2,34,0.004532728969470737,1.5748283357209898
"mineral water, mint",2,44,0.005865884548726837,1.4090715029800023
"spaghetti, protein bar",2,38,0.005065991201173177,1.5701631650269372
"mineral water, protein bar",2,58,0.007732302359685375,1.7505110005954967
"ground beef, rice",2,33,0.004399413411545127,2.3820260400127022
"french fries, rice",2,36,0.004799360085321957,1.4938759252497757
"spaghetti, rice",2,38,0.005065991201173177,1.5478913470832925
"chocolate, rice",2,40,0.005332622317024397,1.7314428498058154
"mineral water, rice",2,58,0.007732302359685375,1.7256810573246386
"spaghetti, mushroom cream sauce",2,32,0.004266097853619517,1.2852568564666573
"chocolate, mushroom cream sauce",2,33,0.004399413411545127,1.4084621643612694
"french fries, mushroom cream sauce",2,35,0.004666044527396347,1.4320663735640338
"escalope, mushroom cream sauce",2,43,0.005732568990801226,3.79083269671505
"chocolate, parmesan cheese",2,32,0.004266097853619517,1.3107835802556778
"eggs, parmesan cheese",2,34,0.004532728969470737,1.269760818911437
"mineral water, parmesan cheese",2,35,0.004666044527396347,0.9854473522213715
"frozen vegetables, parmesan cheese",2,41,0.005465937874950006,2.8867602196461255
"spaghetti, parmesan cheese",2,51,0.006799093454206106,1.9658930902288867
"french fries, almonds",2,33,0.004399413411545127,1.2619834205132912
"green tea, almonds",2,38,0.005065991201173177,1.8799126781556887
"burgers, almonds",2,39,0.005199306759098787,2.9235773820231454
"milk, almonds",2,39,0.005199306759098787,1.9670983619785365
"chocolate, almonds",2,45,0.005999200106652446,1.7950988369310292
"spaghetti, almonds",2,45,0.005999200106652446,1.6892622286280514
"eggs, almonds",2,49,0.006532462338354886,1.7821076007059597
"mineral water, almonds",2,57,0.007598986801759766,1.5629139799096372
"eggs, meatballs",2,33,0.004399413411545127,1.1696167003723374
"milk, meatballs",2,41,0.005465937874950006,2.0152879347854578
"spaghetti, meatballs",2,48,0.006399146780429276,1.7559719472108157
"mineral water, meatballs",2,58,0.007732302359685375,1.549815471864803
"spaghetti, strawberries",2,31,0.0041327822956939075,1.112801493108729
"mineral water, strawberries",2,38,0.005065991201173177,0.9963576621923937
"french fries, strawberries",2,43,0.005732568990801226,1.572460023400936
"frozen vegetables, fresh tuna",2,31,0.0041327822956939075,1.9474142623843222
"milk, fresh tuna",2,36,0.004799360085321957,1.6635617653581725
"chocolate, fresh tuna",2,36,0.004799360085321957,1.3156892074272935
"pancakes, fresh tuna",2,38,0.005065991201173177,2.3938490480469636
"eggs, fresh tuna",2,44,0.005865884548726837,1.4661063629417723
"spaghetti, fresh tuna",2,51,0.006799093454206106,1.754000421820983
"mineral water, fresh tuna",2,66,0.008798826823090255,1.6579793433267696
"burgers, french wine",2,31,0.0041327822956939075,2.103857915784521
"pancakes, french wine",2,31,0.0041327822956939075,1.9297658862876255
"milk, french wine",2,37,0.004932675643247567,1.6895378284267173
"chocolate, french wine",2,39,0.005199306759098787,1.4084621643612694
"eggs, french wine",2,45,0.005999200106652446,1.4816822643232137
"spaghetti, french wine",2,58,0.007732302359685375,1.971139121215691
"mineral water, french wine",2,62,0.008265564591387815,1.5390638444329718
"milk, oil",2,31,0.0041327822956939075,1.38282903970123
"green tea, oil",2,31,0.0041327822956939075,1.3563166766797128
"spaghetti, oil",2,43,0.005732568990801226,1.427573051013995
"chocolate, oil",2,46,0.0061325156645780565,1.6228523589364914
"mineral water, oil",2,55,0.007332355685908546,1.3337309746414765
"mineral water, muffins",2,33,0.004399413411545127,0.764868923578924
"french fries, muffins",2,40,0.005332622317024397,1.2930417769196956
"frozen vegetables, vegetables mix",2,33,0.004399413411545127,1.793782383419689
"milk, vegetables mix",2,33,0.004399413411545127,1.319500415787117
"chocolate, vegetables mix",2,36,0.004799360085321957,1.138446101763513
"eggs, vegetables mix",2,36,0.004799360085321957,1.0379452960440338
"green tea, vegetables mix",2,38,0.005065991201173177,1.4902934702477741
"french fries, vegetables mix",2,42,0.005599253432875617,1.27327766685797
"spaghetti, vegetables mix",2,42,0.005599253432875617,1.2498789961040713
"mineral water, vegetables mix",2,59,0.007865617917610986,1.282467457198827
"frozen vegetables, cereals",2,32,0.004266097853619517,1.7394253414978802
"ground beef, cereals",2,34,0.004532728969470737,1.7929710842865278
"pancakes, cereals",2,35,0.004666044527396347,1.90783306324441
"french fries, cereals",2,36,0.004799360085321957,1.0913808573068313
"chocolate, cereals",2,42,0.005599253432875617,1.3281871187240986
"green tea, cereals",2,49,0.006532462338354886,1.9216942116352878
"spaghetti, cereals",2,50,0.006665777896280496,1.4879511858381802
"milk, cereals",2,53,0.007065724570057326,2.119197637476279
"mineral water, cereals",2,77,0.010265297960271964,1.6737287153272828
"eggs, pepper",2,35,0.004666044527396347,0.9786879501364389
"pancakes, pepper",2,36,0.004799360085321957,1.9031764714173953
"milk, pepper",2,38,0.005065991201173177,1.4736129205699278
"green tea, pepper",2,39,0.005199306759098787,1.4833957882246755
"chocolate, pepper",2,48,0.006399146780429276,1.4721614582268543
"ground beef, pepper",2,49,0.006532462338354886,2.5060785610549354
"mineral water, pepper",2,62,0.008265564591387815,1.3070441693928254
"spaghetti, pepper",2,74,0.009865351286495135,2.1357707373005916
"whole wheat rice, ham",2,32,0.004266097853619517,2.7475875962958294
"pancakes, ham",2,34,0.004532728969470737,1.79744444522754
"ground beef, ham",2,37,0.004932675643247567,1.892345035898625
"milk, ham",2,37,0.004932675643247567,1.4348336331865088
"green tea, ham",2,37,0.004932675643247567,1.407324209341359
"burgers, ham",2,42,0.005599253432875617,2.420681388594348
"french fries, ham",2,42,0.005599253432875617,1.2348873854451667
"chocolate, ham",2,47,0.006265831222503666,1.441491427847128
"eggs, ham",2,47,0.006265831222503666,1.3142381044689322
"spaghetti, ham",2,69,0.009198773496867084,1.9914619036992003
"mineral water, ham",2,69,0.009198773496867084,1.4546136723887897
"spaghetti, energy drink",2,32,0.004266097853619517,0.9189586523736599
"eggs, energy drink",2,37,0.004932675643247567,1.0294399109792285
"mineral water, energy drink",2,42,0.005599253432875617,0.880989932885906
"french fries, energy drink",2,46,0.0061325156645780565,1.3457332293291733
"frozen vegetables, energy bar",2,31,0.0041327822956939075,1.6020600089565606
"spaghetti, energy bar",2,33,0.004399413411545127,0.9336710445914649
"french fries, energy bar",2,36,0.004799360085321957,1.037618253498613
"eggs, energy bar",2,39,0.005199306759098787,1.0690495680519216
"milk, energy bar",2,41,0.005465937874950006,1.5586217032577185
"mineral water, energy bar",2,51,0.006799093454206106,1.0539640294905281
"frozen vegetables, light mayo",2,33,0.004399413411545127,1.697058823529412
"green tea, light mayo",2,33,0.004399413411545127,1.2244168101145605
"chocolate, light mayo",2,38,0.005065991201173177,1.1368959300563186
"pancakes, light mayo",2,41,0.005465937874950006,2.1143813766740918
"eggs, light mayo",2,41,0.005465937874950006,1.1183634433001686
"mineral water, light mayo",2,47,0.006265831222503666,0.9665389086283283
"french fries, light mayo",2,55,0.007332355685908546,1.5774792756416143
"chocolate, yogurt cake",2,33,0.004399413411545127,0.9824882414812756
"eggs, yogurt cake",2,34,0.004532728969470737,0.9228993269161178
"french fries, yogurt cake",2,38,0.005065991201173177,1.0845782123967886
"mineral water, yogurt cake",2,42,0.005599253432875617,0.8595023735472254
"green tea, red wine",2,35,0.004666044527396347,1.255541580384599
"ground beef, red wine",2,36,0.004799360085321957,1.7364877465323105
"chocolate, red wine",2,37,0.004932675643247567,1.070253240217647
"french fries, red wine",2,40,0.005332622317024397,1.1091969745140517
"eggs, red wine",2,53,0.007065724570057326,1.3977280717791498
"spaghetti, red wine",2,77,0.010265297960271964,2.095966120638976
"mineral water, red wine",2,82,0.010931875749900012,1.6303582599107267
"ground beef, whole wheat pasta",2,34,0.004532728969470737,1.5658073270013566
"pancakes, whole wheat pasta",2,35,0.004666044527396347,1.6661166570414983
"frozen vegetables, whole wheat pasta",2,37,0.004932675643247567,1.7563965446318388
"eggs, whole wheat pasta",2,37,0.004932675643247567,0.9316198289404783
"green tea, whole wheat pasta",2,39,0.005199306759098787,1.3357274292158843
"french fries, whole wheat pasta",2,41,0.005465937874950006,1.0854822428191244
"chocolate, whole wheat pasta",2,47,0.006265831222503666,1.297994543627052
"olive oil, whole wheat pasta",2,60,0.007998933475536596,4.122410097642296
"spaghetti, whole wheat pasta",2,66,0.008798826823090255,1.7152508782992524
"mineral water, whole wheat pasta",2,72,0.009598720170643914,1.3667587840505329
"milk, whole wheat pasta",2,74,0.009865351286495135,2.5839990317114503
"pancakes, butter",2,31,0.0041327822956939075,1.4430550211619855
"chicken, butter",2,32,0.004266097853619517,2.360196656833825
"low fat yogurt, butter",2,33,0.004399413411545127,1.9081511516758658
"milk, butter",2,46,0.0061325156645780565,1.5707327287956592
"french fries, butter",2,46,0.0061325156645780565,1.1909143622382066
"eggs, butter",2,46,0.0061325156645780565,1.1326054988051786
"spaghetti, butter",2,47,0.006265831222503666,1.194442938649392
"green tea, butter",2,55,0.007332355685908546,1.8420429886679228
"chocolate, butter",2,62,0.008265564591387815,1.6743665257746063
"fresh bread, tomato juice",2,32,0.004266097853619517,3.2593558198902826
"pancakes, tomato juice",2,37,0.004932675643247567,1.707247607096282
"frozen vegetables, tomato juice",2,37,0.004932675643247567,1.7024720893141947
"eggs, tomato juice",2,38,0.005065991201173177,0.9274233432245301
"milk, tomato juice",2,43,0.005732568990801226,1.4554138690347265
"chocolate, tomato juice",2,44,0.005865884548726837,1.1778367807231667
"green tea, tomato juice",2,47,0.006265831222503666,1.560301485297502
"french fries, tomato juice",2,53,0.007065724570057326,1.3601041410077457
"spaghetti, tomato juice",2,56,0.007465671243834155,1.410682141801671
"mineral water, tomato juice",2,72,0.009598720170643914,1.3247968915577533
"frozen vegetables, cottage cheese",2,31,0.0041327822956939075,1.3607455306200076
"cake, cottage cheese",2,33,0.004399413411545127,1.7034587645892976
"milk, cottage cheese",2,35,0.004666044527396347,1.1301160528264202
"frozen smoothie, cottage cheese",2,37,0.004932675643247567,2.4447214269984587
"chocolate, cottage cheese",2,37,0.004932675643247567,0.9448679233720647
"pancakes, cottage cheese",2,39,0.005199306759098787,1.7167076469863327
"eggs, cottage cheese",2,42,0.005599253432875617,0.977868964404107
"french fries, cottage cheese",2,44,0.005865884548726837,1.0771741329904243
"green tea, cottage cheese",2,48,0.006399146780429276,1.5201584131661943
"spaghetti, cottage cheese",2,52,0.006932409012131715,1.2496299666169015
"mineral water, cottage cheese",2,72,0.009598720170643914,1.263822976046727
"pancakes, hot dogs",2,32,0.004266097853619517,1.3853941209403262
"milk, hot dogs",2,33,0.004399413411545127,1.0479982726210437
"frozen smoothie, hot dogs",2,36,0.004799360085321957,2.339493177387914
"chocolate, hot dogs",2,41,0.005465937874950006,1.0297809788814218
"green tea, hot dogs",2,50,0.006665777896280496,1.5574325306358048
"french fries, hot dogs",2,55,0.007332355685908546,1.324303589427528
"spaghetti, hot dogs",2,65,0.008665511265164644,1.5363249075176932
"mineral water, hot dogs",2,69,0.009198773496867084,1.1912268345899966
"cake, avocado",2,32,0.004266097853619517,1.579157894736842
"soup, avocado",2,33,0.004399413411545127,2.612485488126649
"pancakes, avocado",2,33,0.004399413411545127,1.3886844319775595
"burgers, avocado",2,34,0.004532728969470737,1.5598409785932719
"frozen vegetables, avocado",2,35,0.004666044527396347,1.4687272727272727
"frozen smoothie, avocado",2,38,0.005065991201173177,2.4003200000000002
"eggs, avocado",2,42,0.005599253432875617,0.9348427299703264
"green tea, avocado",2,47,0.006265831222503666,1.4229949545913219
"chocolate, avocado",2,53,0.007065724570057326,1.293907241659886
"milk, avocado",2,56,0.007465671243834155,1.728625514403292
"french fries, avocado",2,60,0.007998933475536596,1.4042433697347896
"spaghetti, avocado",2,60,0.007998933475536596,1.37843797856049
"mineral water, avocado",2,87,0.011598453539528063,1.4599261744966443
"frozen vegetables, brownies",2,33,0.004399413411545127,1.3683794466403163
"ground beef, brownies",2,37,0.004932675643247567,1.4884453049163098
"chocolate, brownies",2,37,0.004932675643247567,0.8925827418415948
"cake, brownies",2,41,0.005465937874950006,1.9993043998335758
"pancakes, brownies",2,41,0.005465937874950006,1.7048766831680422
"milk, brownies",2,41,0.005465937874950006,1.2505936986613313
"green tea, brownies",2,50,0.006665777896280496,1.4958739325869586
"spaghetti, brownies",2,55,0.007332355685908546,1.2485851255076903
"eggs, brownies",2,55,0.007332355685908546,1.2096826215972132
"french fries, brownies",2,59,0.007865617917610986,1.3644657248740544
"mineral water, brownies",2,72,0.009598720170643914,1.1938881078069872
"turkey, salmon",2,31,0.0041327822956939075,1.5542373221220367
"pancakes, salmon",2,32,0.004266097853619517,1.0553315717507814
"burgers, salmon",2,34,0.004532728969470737,1.2224459079884578
"shrimp, salmon",2,35,0.004666044527396347,1.5354360641931408
"tomatoes, salmon",2,37,0.004932675643247567,1.695949207745941
"frozen smoothie, salmon",2,38,0.005065991201173177,1.881128526645768
"grated cheese, salmon",2,39,0.005199306759098787,2.333460958625476
"olive oil, salmon",2,43,0.005732568990801226,2.046774459660122
"green tea, salmon",2,44,0.005865884548726837,1.0440168412262083
"french fries, salmon",2,44,0.005865884548726837,0.8070364193878101
"frozen vegetables, salmon",2,47,0.006265831222503666,1.5456825306355086
"eggs, salmon",2,62,0.008265564591387815,1.0815093532273519
"ground beef, salmon",2,67,0.008932142381015865,2.1376460530065544
"milk, salmon",2,73,0.009732035728569524,1.7659771404982136
"chocolate, salmon",2,80,0.010665244634048793,1.5306171901104701
"spaghetti, salmon",2,101,0.013464871350486601,1.8184722548930183
"mineral water, salmon",2,128,0.017064391414478068,1.6833364891684723
"mineral water, milk, salmon",3,33,0.004399413411545127,3.3490976335305715
"mineral water, chocolate, salmon",3,34,0.004532728969470737,2.729022822026242
"mineral water, spaghetti, salmon",3,51,0.006799093454206106,3.852184971213919
"frozen smoothie, fresh bread",2,32,0.004266097853619517,1.5644907935473358
"low fat yogurt, fresh bread",2,32,0.004266097853619517,1.294657015566175
"cake, fresh bread",2,33,0.004399413411545127,1.2604540084731952
"tomatoes, fresh bread",2,35,0.004666044527396347,1.5844090791133318
"olive oil, fresh bread",2,38,0.005065991201173177,1.7863777089783281
"chicken, fresh bread",2,39,0.005199306759098787,2.0126522187822498
"shrimp, fresh bread",2,39,0.005199306759098787,1.689726676216441
"pancakes, fresh bread",2,40,0.005332622317024397,1.3028280626489912
"ground beef, fresh bread",2,46,0.0061325156645780565,1.449462510134383
"green tea, fresh bread",2,48,0.006399146780429276,1.1248230982870604
"frozen vegetables, fresh bread",2,51,0.006799093454206106,1.6564593301435406
"french fries, fresh bread",2,62,0.008265564591387815,1.1231048622749864
"eggs, fresh bread",2,65,0.008665511265164644,1.1197990831503615
"spaghetti, fresh bread",2,68,0.009065457938941474,1.2091561215442894
"milk, fresh bread",2,69,0.009198773496867084,1.648539922791729
"chocolate, fresh bread",2,71,0.009465404612718305,1.3416001833905589
"mineral water, fresh bread",2,100,0.013331555792560993,1.2988204819193663
"frozen smoothie, champagne",2,35,0.004666044527396347,1.5746588693957115
"frozen vegetables, champagne",2,36,0.004799360085321957,1.0759906759906759
"pancakes, champagne",2,38,0.005065991201173177,1.138953820580749
"milk, champagne",2,40,0.005332622317024397,0.8794391098917849
"spaghetti, champagne",2,50,0.006665777896280496,0.8181611933526177
"eggs, champagne",2,50,0.006665777896280496,0.7926695241235302
"mineral water, champagne",2,56,0.007465671243834155,0.6693180876626067
"green tea, champagne",2,62,0.008265564591387815,1.33699592629966
"french fries, champagne",2,70,0.009332089054792695,1.1668688969781014
"chocolate, champagne",2,87,0.011598453539528063,1.5127926950546966
"grated cheese, honey",2,31,0.0041327822956939075,1.6620279040512334
"chicken, honey",2,31,0.0041327822956939075,1.4515043695380774
"shrimp, honey",2,33,0.004399413411545127,1.2972339845715242
"cake, honey",2,33,0.004399413411545127,1.143614170609107
"olive oil, honey",2,36,0.004799360085321957,1.5354819633353045
"tomatoes, honey",2,40,0.005332622317024397,1.6429025122106138
"turkey, honey",2,43,0.005732568990801226,1.9318116480199323
"eggs, honey",2,43,0.005732568990801226,0.6721214116627212
"frozen smoothie, honey",2,44,0.005865884548726837,1.9517681845062094
"burgers, honey",2,47,0.006265831222503666,1.5142210425042089
"pancakes, honey",2,50,0.006665777896280496,1.4775753659958712
"ground beef, honey",2,51,0.006799093454206106,1.4580481148903084
"frozen vegetables, honey",2,57,0.007598986801759766,1.6797242083758939
"milk, honey",2,58,0.007732302359685375,1.2572767836500671
"chocolate, honey",2,60,0.007998933475536596,1.0286521425110393
"french fries, honey",2,67,0.008932142381015865,1.101173990779856
"green tea, honey",2,70,0.009332089054792695,1.4883105250626425
"spaghetti, honey",2,89,0.011865084655379284,1.4358728943338437
"mineral water, honey",2,113,0.015064658045593921,1.3316193474599702
"burgers, herb & pepper",2,31,0.0041327822956939075,0.958361153012356
"tomatoes, herb & pepper",2,33,0.004399413411545127,1.300594252927917
"cake, herb & pepper",2,34,0.004532728969470737,1.1306302312384735
"turkey, herb & pepper",2,36,0.004799360085321957,1.5519399536778946
"chicken, herb & pepper",2,37,0.004932675643247567,1.6623959269242288
"olive oil, herb & pepper",2,38,0.005065991201173177,1.5552560646900269
"cooking oil, herb & pepper",2,40,0.005332622317024397,2.1115748136783656
"low fat yogurt, herb & pepper",2,44,0.005865884548726837,1.5498370540116644
"frozen vegetables, herb & pepper",2,45,0.005999200106652446,1.2724822347463856
"green tea, herb & pepper",2,48,0.006399146780429276,0.9792934251933166
"grated cheese, herb & pepper",2,49,0.006532462338354886,2.5208603389505013
"french fries, herb & pepper",2,52,0.006932409012131715,0.82008822131861
"shrimp, herb & pepper",2,53,0.007065724570057326,1.9992004264392322
"pancakes, herb & pepper",2,55,0.007332355685908546,1.5596186342964504
"chocolate, herb & pepper",2,68,0.009065457938941474,1.1186707576777735
"milk, herb & pepper",2,69,0.009198773496867084,1.4352517387108583
"eggs, herb & pepper",2,94,0.012531662445007332,1.4098834651715229
"ground beef, herb & pepper",2,120,0.015997866951073192,3.291993841134928
"spaghetti, herb & pepper",2,122,0.01626449806692441,1.8886953434903386
"mineral water, herb & pepper",2,128,0.017064391414478068,1.447397142977743
"mineral water, milk, herb & pepper",3,31,0.0041327822956939075,2.705156129868808
"eggs, ground beef, herb & pepper",3,31,0.0041327822956939075,4.732261497730873
"eggs, spaghetti, herb & pepper",3,36,0.004799360085321957,3.1012291176652544
"mineral water, eggs, herb & pepper",3,40,0.005332622317024397,2.516906057463847
"spaghetti, ground beef, herb & pepper",3,48,0.006399146780429276,7.563015559679355
"mineral water, ground beef, herb & pepper",3,50,0.006665777896280496,5.754391732464834
"mineral water, spaghetti, herb & pepper",3,45,0.005999200106652446,2.9225788944440465
"turkey, soup",2,37,0.004932675643247567,1.5613808079842029
"cooking oil, soup",2,40,0.005332622317024397,2.067003313653492
"shrimp, soup",2,42,0.005599253432875617,1.550830937659985
"low fat yogurt, soup",2,43,0.005732568990801226,1.4826427514180909
"chicken, soup",2,45,0.005999200106652446,1.979155672823219
"cake, soup",2,46,0.0061325156645780565,1.4973875156228302
"burgers, soup",2,47,0.006265831222503666,1.4223290003469615
"pancakes, soup",2,51,0.006799093454206106,1.4156653480222183
"tomatoes, soup",2,52,0.006932409012131715,2.0061616956492667
"green tea, soup",2,53,0.007065724570057326,1.058478815939764
"french fries, soup",2,57,0.007598986801759766,0.8799678108496373
"frozen vegetables, soup",2,60,0.007998933475536596,1.6608299352362679
"olive oil, soup",2,67,0.008932142381015865,2.684279961116512
"eggs, soup",2,68,0.009065457938941474,0.998387134658597
"ground beef, soup",2,73,0.009732035728569524,1.960357722063704
"chocolate, soup",2,76,0.010131982402346354,1.223887966920786
"spaghetti, soup",2,107,0.014264764698040262,1.6215134532318871
"milk, soup",2,114,0.015197973603519531,2.3212319619531585
"mineral water, soup",2,173,0.023063591521130515,1.9149548735929356
"mineral water, pancakes, soup",3,32,0.004266097853619517,3.726422169764323
"mineral water, frozen vegetables, soup",3,38,0.005065991201173177,4.412748350856407
"mineral water, olive oil, soup",3,39,0.005199306759098787,6.554948208162736
"mineral water, eggs, soup",3,37,0.004932675643247567,2.27899534635925
"mineral water, ground beef, soup",3,38,0.005065991201173177,4.281024519487558
"mineral water, chocolate, soup",3,42,0.005599253432875617,2.8374552048352935
"spaghetti, milk, soup",3,34,0.004532728969470737,3.976203434786557
"mineral water, spaghetti, soup",3,56,0.007465671243834155,3.5602168930501032
"mineral water, milk, soup",3,64,0.008532195707239034,5.466952689386755
"frozen smoothie, cooking oil",2,36,0.004799360085321957,1.4843259584993815
"cake, cooking oil",2,37,0.004932675643247567,1.1918415899409098
"olive oil, cooking oil",2,38,0.005065991201173177,1.5065274151436032
"escalope, cooking oil",2,40,0.005332622317024397,1.3166290014700397
"whole wheat rice, cooking oil",2,41,0.005465937874950006,1.8291095951515726
"grated cheese, cooking oil",2,43,0.005732568990801226,2.1428723284103666
"turkey, cooking oil",2,43,0.005732568990801226,1.7956264926764907
"burgers, cooking oil",2,43,0.005732568990801226,1.2876893349621927
"shrimp, cooking oil",2,45,0.005999200106652446,1.644251003468298
"low fat yogurt, cooking oil",2,49,0.006532462338354886,1.6718779850983887
"tomatoes, cooking oil",2,50,0.006665777896280496,1.9088553993047603
"chicken, cooking oil",2,51,0.006799093454206106,2.2196170583115755
"frozen vegetables, cooking oil",2,51,0.006799093454206106,1.396961784951341
"green tea, cooking oil",2,53,0.007065724570057326,1.0474242068960067
"pancakes, cooking oil",2,59,0.007865617917610986,1.620626265659388
"french fries, cooking oil",2,59,0.007865617917610986,0.9013311446295973
"ground beef, cooking oil",2,63,0.008398880149313425,1.674146476258631
"milk, cooking oil",2,86,0.011465137981602452,1.732816512479988
"eggs, cooking oil",2,88,0.011731769097453673,1.278536619380031
"chocolate, cooking oil",2,102,0.013598186908412212,1.6254315317171826
"spaghetti, cooking oil",2,119,0.01586455139314758,1.7845313255950646
"mineral water, cooking oil",2,151,0.020130649246767097,1.6539783646123563
"mineral water, pancakes, cooking oil",3,35,0.004666044527396347,4.033207415300567
"spaghetti, ground beef, cooking oil",3,36,0.004799360085321957,5.49454067749551
"chocolate, milk, cooking oil",3,33,0.004399413411545127,4.058217777581593
"mineral water, milk, cooking oil",3,35,0.004666044527396347,2.9585153159560744
"eggs, spaghetti, cooking oil",3,31,0.0041327822956939075,2.5868317437096096
"eggs, chocolate, cooking oil",3,34,0.004532728969470737,3.014926290655437
"mineral water, eggs, cooking oil",3,48,0.006399146780429276,2.9256568584410045
"spaghetti, chocolate, cooking oil",3,33,0.004399413411545127,3.0203581009259635
"mineral water, chocolate, cooking oil",3,43,0.005732568990801226,2.8746740938207616
"mineral water, spaghetti, cooking oil",3,57,0.007598986801759766,3.585945801033261
"chicken, grated cheese",2,32,0.004266097853619517,1.3572632174158892
"tomatoes, grated cheese",2,33,0.004399413411545127,1.2277874499650314
"shrimp, grated cheese",2,33,0.004399413411545127,1.175102540731457
"whole wheat rice, grated cheese",2,34,0.004532728969470737,1.4782265964167927
"escalope, grated cheese",2,36,0.004799360085321957,1.1548142921290654
"cake, grated cheese",2,36,0.004799360085321957,1.1301225391723584
"turkey, grated cheese",2,37,0.004932675643247567,1.5057590998117376
"burgers, grated cheese",2,41,0.005465937874950006,1.1965551587023677
"low fat yogurt, grated cheese",2,42,0.005599253432875617,1.396574194749581
"olive oil, grated cheese",2,47,0.006265831222503666,1.8159233962769519
"frozen vegetables, grated cheese",2,51,0.006799093454206106,1.3614156835530882
"pancakes, grated cheese",2,52,0.006932409012131715,1.392003825715805
"milk, grated cheese",2,59,0.007865617917610986,1.1585435449585861
"green tea, grated cheese",2,59,0.007865617917610986,1.1363313074669483
"eggs, grated cheese",2,68,0.009065457938941474,0.9628211807521838
"french fries, grated cheese",2,78,0.010398613518197574,1.1612699622488718
"chocolate, grated cheese",2,82,0.010931875749900012,1.2734696074716818
"ground beef, grated cheese",2,85,0.011331822423676844,2.2012940156952916
"spaghetti, grated cheese",2,124,0.01653112918277563,1.8121958157495839
"mineral water, grated cheese",2,131,0.0174643380882549,1.3983967188665176
"eggs, spaghetti, grated cheese",3,32,0.004266097853619517,2.602331925708362
"mineral water, eggs, grated cheese",3,33,0.004399413411545127,1.9602087062041909
"mineral water, ground beef, grated cheese",3,38,0.005065991201173177,4.128519829225915
"spaghetti, ground beef, grated cheese",3,40,0.005332622317024397,5.949700535710434
"mineral water, spaghetti, grated cheese",3,47,0.006265831222503666,2.881595034346669
"escalope, whole wheat rice",2,39,0.005199306759098787,1.1199594188472657
"chicken, whole wheat rice",2,41,0.005465937874950006,1.5567754998734498
"shrimp, whole wheat rice",2,44,0.005865884548726837,1.4026280896202359
"frozen smoothie, whole wheat rice",2,45,0.005999200106652446,1.6187267713703393
"tomatoes, whole wheat rice",2,45,0.005999200106652446,1.498821084602166
"low fat yogurt, whole wheat rice",2,49,0.006532462338354886,1.4586088116006446
"pancakes, whole wheat rice",2,52,0.006932409012131715,1.2461446549118709
"turkey, whole wheat rice",2,53,0.007065724570057326,1.9308906168798057
"cake, whole wheat rice",2,58,0.007732302359685375,1.6299679295048555
"ground beef, whole wheat rice",2,61,0.008132249033462205,1.414220057303048
"burgers, whole wheat rice",2,67,0.008932142381015865,1.750458018989502
"frozen vegetables, whole wheat rice",2,68,0.009065457938941474,1.6250155311658727
"green tea, whole wheat rice",2,68,0.009065457938941474,1.1724380472084752
"french fries, whole wheat rice",2,79,0.010531929076123183,1.0529159662969663
"eggs, whole wheat rice",2,82,0.010931875749900012,1.0393901705386532
"milk, whole wheat rice",2,89,0.011865084655379284,1.5645101568285575
"chocolate, whole wheat rice",2,90,0.011998400213304892,1.2512534034188951
"spaghetti, whole wheat rice",2,106,0.014131449140114652,1.386811178126537
"mineral water, whole wheat rice",2,151,0.020130649246767097,1.4429925140012128
"mineral water, pancakes, whole wheat rice",3,31,0.0041327822956939075,3.116581297875928
"mineral water, frozen vegetables, whole wheat rice",3,33,0.004399413411545127,3.3083709162067545
"mineral water, milk, whole wheat rice",3,38,0.005065991201173177,2.8023580806003716
"spaghetti, chocolate, whole wheat rice",3,31,0.0041327822956939075,2.475371832145645
"mineral water, spaghetti, whole wheat rice",3,47,0.006265831222503666,2.5796511355313005
"low fat yogurt, chicken",2,33,0.004399413411545127,0.958315911730546
"turkey, chicken",2,36,0.004799360085321957,1.2794882729211088
"shrimp, chicken",2,47,0.006265831222503666,1.4616376451077941
"burgers, chicken",2,47,0.006265831222503666,1.19791709140333
"tomatoes, chicken",2,48,0.006399146780429276,1.5596621182586097
"cake, chicken",2,49,0.006532462338354886,1.3433808479532163
"frozen smoothie, chicken",2,50,0.006665777896280496,1.7546198830409359
"olive oil, chicken",2,54,0.007199040127982935,1.8221052631578947
"frozen vegetables, chicken",2,67,0.008932142381015865,1.5619797979797982
"pancakes, chicken",2,68,0.009065457938941474,1.5897397537790243
"ground beef, chicken",2,71,0.009465404612718305,1.6058224031358364
"french fries, chicken",2,83,0.011065191307825623,1.0791870341480327
"green tea, chicken",2,89,0.011865084655379284,1.4970041484471355
"eggs, chicken",2,108,0.01439808025596587,1.3354896142433235
"chocolate, chicken",2,110,0.014664711371817091,1.4919265889160114
"milk, chicken",2,111,0.014798026929742702,1.9035459533607684
"spaghetti, chicken",2,129,0.01719770697240368,1.6464675855028075
"mineral water, chicken",2,171,0.022796960405279298,1.5941722595078303
"mineral water, pancakes, chicken",3,36,0.004799360085321957,3.5307850058516963
"spaghetti, ground beef, chicken",3,36,0.004799360085321957,4.676464621068401
"mineral water, french fries, chicken",3,32,0.004266097853619517,1.7455016184241705
"eggs, milk, chicken",3,31,0.0041327822956939075,2.958226027755051
"eggs, spaghetti, chicken",3,31,0.0041327822956939075,2.201681239646179
"mineral water, eggs, chicken",3,39,0.005199306759098787,2.0231729858580225
"spaghetti, chocolate, chicken",3,32,0.004266097853619517,2.49276154107398
"chocolate, milk, chicken",3,34,0.004532728969470737,3.5586607339843432
"mineral water, chocolate, chicken",3,57,0.007598986801759766,3.243256338098246
"spaghetti, milk, chicken",3,41,0.005465937874950006,4.038315370794007
"mineral water, milk, chicken",3,50,0.006665777896280496,3.5971789397180216
"mineral water, spaghetti, chicken",3,52,0.006932409012131715,2.7843156558821995
"frozen smoothie, turkey",2,31,0.0041327822956939075,1.043793064751431
"escalope, turkey",2,32,0.004266097853619517,0.8601601834763757
"low fat yogurt, turkey",2,38,0.005065991201173177,1.0588099819469106
"olive oil, turkey",2,40,0.005332622317024397,1.2950286163169118
"shrimp, turkey",2,48,0.006399146780429276,1.432262992075868
"tomatoes, turkey",2,49,0.006532462338354886,1.5276541270256903
"cake, turkey",2,52,0.006932409012131715,1.367873975984738
"frozen vegetables, turkey",2,66,0.008798826823090255,1.4763326226012796
"ground beef, turkey",2,69,0.009198773496867084,1.497365855352044
"pancakes, turkey",2,72,0.009598720170643914,1.615062336085551
"burgers, turkey",2,80,0.010665244634048793,1.9564040870353343
"french fries, turkey",2,80,0.010665244634048793,0.9980407745094453
"milk, turkey",2,85,0.011331822423676844,1.398617582282591
"chocolate, turkey",2,85,0.011331822423676844,1.1061483238231717
"green tea, turkey",2,89,0.011865084655379284,1.4363579249492773
"spaghetti, turkey",2,124,0.01653112918277563,1.5185350865449607
"mineral water, turkey",2,144,0.019197440341287828,1.288075442538029
"eggs, turkey",2,146,0.01946407145713905,1.732244879882065
"mineral water, frozen vegetables, turkey",3,33,0.004399413411545127,3.096748043101845
"spaghetti, milk, turkey",3,36,0.004799360085321957,3.4021898698248956
"mineral water, milk, turkey",3,46,0.0061325156645780565,3.175334927597571
"mineral water, chocolate, turkey",3,31,0.0041327822956939075,1.692418580648282
"eggs, spaghetti, turkey",3,39,0.005199306759098787,2.6576453508350264
"mineral water, spaghetti, turkey",3,48,0.006399146780429276,2.466016818396569
"mineral water, eggs, turkey",3,42,0.005599253432875617,2.090534658177061
"escalope, frozen smoothie",2,41,0.005465937874950006,1.0881592215833702
"cake, frozen smoothie",2,48,0.006399146780429276,1.2467036011080335
"tomatoes, frozen smoothie",2,49,0.006532462338354886,1.508357443315892
"olive oil, frozen smoothie",2,52,0.006932409012131715,1.6622714681440443
"burgers, frozen smoothie",2,54,0.007199040127982935,1.3038918396909704
"shrimp, frozen smoothie",2,55,0.007332355685908546,1.620404556166536
"low fat yogurt, frozen smoothie",2,55,0.007332355685908546,1.5131303869429675
"ground beef, frozen smoothie",2,57,0.007598986801759766,1.2213297150610585
"pancakes, frozen smoothie",2,68,0.009065457938941474,1.5060692404222336
"frozen vegetables, frozen smoothie",2,75,0.009998666844420743,1.6564593301435406
"eggs, frozen smoothie",2,83,0.011065191307825623,0.97233015773856
"green tea, frozen smoothie",2,84,0.011198506865751233,1.3385394869616019
"milk, frozen smoothie",2,107,0.014264764698040262,1.7383734026424087
"french fries, frozen smoothie",2,109,0.014531395813891481,1.3426537482551935
"chocolate, frozen smoothie",2,112,0.01493134248766831,1.43910239390176
"spaghetti, frozen smoothie",2,117,0.01559792027729636,1.414712662206819
"mineral water, frozen smoothie",2,152,0.020263964804692707,1.342460850111857
"spaghetti, frozen vegetables, frozen smoothie",3,31,0.0041327822956939075,3.9323955538295836
"mineral water, eggs, frozen smoothie",3,31,0.0041327822956939075,1.5235229772048267
"chocolate, milk, frozen smoothie",3,31,0.0041327822956939075,3.0738896123270334
"spaghetti, milk, frozen smoothie",3,42,0.005599253432875617,3.9190839798719765
"mineral water, milk, frozen smoothie",3,46,0.0061325156645780565,3.1352254337752856
"spaghetti, chocolate, frozen smoothie",3,35,0.004666044527396347,2.5829601494681045
"mineral water, chocolate, frozen smoothie",3,38,0.005065991201173177,2.0483724240620496
"mineral water, spaghetti, frozen smoothie",3,51,0.006799093454206106,2.587046328036295
"burgers, olive oil",2,48,0.006399146780429276,1.1144374698213424
"cake, olive oil",2,49,0.006532462338354886,1.2237274930747923
"low fat yogurt, olive oil",2,51,0.006799093454206106,1.3491197505960022
"tomatoes, olive oil",2,54,0.007199040127982935,1.598337950138504
"shrimp, olive oil",2,61,0.008132249033462205,1.7280538098978788
"french fries, olive oil",2,69,0.009198773496867084,0.8172469004023319
"green tea, olive oil",2,75,0.009998666844420743,1.1491582133942322
"pancakes, olive oil",2,81,0.010798560191974404,1.7249944637189047
"frozen vegetables, olive oil",2,85,0.011331822423676844,1.8051159366948841
"eggs, olive oil",2,90,0.011998400213304892,1.0137826019053569
"ground beef, olive oil",2,106,0.014131449140114652,2.183889166607156
"chocolate, olive oil",2,123,0.01639781362485002,1.5196565457582116
"milk, olive oil",2,128,0.017064391414478068,1.9995668182802686
"spaghetti, olive oil",2,172,0.022930275963204905,1.9997582010155557
"mineral water, olive oil",2,207,0.027596320490601255,1.757903567643942
"mineral water, tomatoes, olive oil",3,31,0.0041327822956939075,3.8493570499177285
"spaghetti, tomatoes, olive oil",3,33,0.004399413411545127,5.610024783217548
"mineral water, shrimp, olive oil",3,34,0.004532728969470737,4.040712907117538
"mineral water, green tea, olive oil",3,32,0.004266097853619517,2.0569332160883254
"spaghetti, green tea, olive oil",3,34,0.004532728969470737,2.9920818355771788
"mineral water, pancakes, olive oil",3,35,0.004666044527396347,3.126960404979995
"spaghetti, pancakes, olive oil",3,38,0.005065991201173177,4.6479588220512085
"milk, frozen vegetables, olive oil",3,36,0.004799360085321957,5.899858231437178
"spaghetti, frozen vegetables, olive oil",3,43,0.005732568990801226,5.2448203726635265
"mineral water, frozen vegetables, olive oil",3,49,0.006532462338354886,4.365499127623819
"eggs, spaghetti, olive oil",3,38,0.005065991201173177,2.4584529971235245
"mineral water, eggs, olive oil",3,44,0.005865884548726837,2.079249720751004
"milk, ground beef, olive oil",3,37,0.004932675643247567,5.8827359231369885
"spaghetti, ground beef, olive oil",3,46,0.0061325156645780565,5.443253354482452
"mineral water, ground beef, olive oil",3,50,0.006665777896280496,4.321618082478651
"chocolate, milk, olive oil",3,39,0.005199306759098787,3.718414853621412
"spaghetti, chocolate, olive oil",3,53,0.007065724570057326,3.760903514335427
"mineral water, chocolate, olive oil",3,62,0.008265564591387815,3.2135397341054426
"spaghetti, milk, olive oil",3,54,0.007199040127982935,4.845021403687883
"mineral water, milk, olive oil",3,64,0.008532195707239034,4.194281516756234
"mineral water, spaghetti, olive oil",3,77,0.010265297960271964,3.7557045109124196
"escalope, tomatoes",2,41,0.005465937874950006,1.0075548347994168
"low fat yogurt, tomatoes",2,45,0.005999200106652446,1.1463108991992177
"burgers, tomatoes",2,62,0.008265564591387815,1.3861675936358053
"cake, tomatoes",2,63,0.008398880149313425,1.5150911819021238
"pancakes, tomatoes",2,74,0.009865351286495135,1.5175534285300285
"shrimp, tomatoes",2,84,0.011198506865751233,2.2914811905385353
"ground beef, tomatoes",2,88,0.011731769097453673,1.7458904308865033
"french fries, tomatoes",2,90,0.011998400213304892,1.0264936913266005
"green tea, tomatoes",2,92,0.012265031329156113,1.3574254056488906
"eggs, tomatoes",2,92,0.012265031329156113,0.9979292114228863
"milk, tomatoes",2,105,0.013998133582189041,1.5795189276345871
"chocolate, tomatoes",2,105,0.013998133582189041,1.2492208280397221
"frozen vegetables, tomatoes",2,121,0.0161311825089988,2.474463937621832
"spaghetti, tomatoes",2,157,0.020930542594320756,1.7577547322449392
"mineral water, tomatoes",2,183,0.024396747100386616,1.4965298219448697
"mineral water, pancakes, tomatoes",3,35,0.004666044527396347,3.011147056647402
"mineral water, ground beef, tomatoes",3,41,0.005465937874950006,3.412477685868327
"spaghetti, ground beef, tomatoes",3,42,0.005599253432875617,4.785855606356551
"mineral water, eggs, tomatoes",3,38,0.005065991201173177,1.729207680220532
"milk, frozen vegetables, tomatoes",3,31,0.0041327822956939075,4.892269274216426
"spaghetti, milk, tomatoes",3,44,0.005865884548726837,3.8015805801227285
"mineral water, milk, tomatoes",3,49,0.006532462338354886,3.092311720108474
"spaghetti, chocolate, tomatoes",3,37,0.004932675643247567,2.5282943261989383
"mineral water, chocolate, tomatoes",3,43,0.005732568990801226,2.146199177257995
"mineral water, frozen vegetables, tomatoes",3,44,0.005865884548726837,3.7748533650806113
"spaghetti, frozen vegetables, tomatoes",3,50,0.006665777896280496,5.872753216591374
"mineral water, spaghetti, tomatoes",3,70,0.009332089054792695,3.287822130765081
"cookies, shrimp",2,31,0.0041327822956939075,0.7194469196307022
"escalope, shrimp",2,32,0.004266097853619517,0.7526401605418286
"low fat yogurt, shrimp",2,47,0.006265831222503666,1.1458831712517552
"cake, shrimp",2,57,0.007598986801759766,1.3119752798507462
"burgers, shrimp",2,66,0.008798826823090255,1.4122792003286317
"french fries, shrimp",2,75,0.009998666844420743,0.8187053228397793
"pancakes, shrimp",2,79,0.010531929076123183,1.5505719997488012
"ground beef, shrimp",2,86,0.011465137981602452,1.6329968205107432
"green tea, shrimp",2,86,0.011465137981602452,1.2144486949711584
"eggs, shrimp",2,106,0.014131449140114652,1.100450086363435
"frozen vegetables, shrimp",2,125,0.01666444474070124,2.44657394843962
"milk, shrimp",2,132,0.01759765364618051,1.900474479454579
"chocolate, shrimp",2,135,0.017997600319957337,1.5372208323719074
"spaghetti, shrimp",2,159,0.021197173710171976,1.7037596283513519
"mineral water, shrimp",2,177,0.023596853752832957,1.3853519733547028
"mineral water, pancakes, shrimp",3,34,0.004532728969470737,2.799596319938378
"mineral water, ground beef, shrimp",3,38,0.005065991201173177,3.0270677106078065
"spaghetti, ground beef, shrimp",3,45,0.005999200106652446,4.907670427893611
"eggs, milk, shrimp",3,32,0.004266097853619517,2.5637009388344203
"mineral water, eggs, shrimp",3,39,0.005199306759098787,1.698559409768862
"milk, frozen vegetables, shrimp",3,35,0.004666044527396347,5.286512687683915
"chocolate, frozen vegetables, shrimp",3,40,0.005332622317024397,4.778324149648974
"spaghetti, frozen vegetables, shrimp",3,45,0.005999200106652446,5.0586756718288
"mineral water, frozen vegetables, shrimp",3,54,0.007199040127982935,4.4339801526230955
"spaghetti, milk, shrimp",3,37,0.004932675643247567,3.059608250988361
"chocolate, milk, shrimp",3,41,0.005465937874950006,3.6027925012078095
"mineral water, milk, shrimp",3,59,0.007865617917610986,3.5636231660266215
"spaghetti, chocolate, shrimp",3,48,0.006399146780429276,3.1392052989271204
"mineral water, chocolate, shrimp",3,57,0.007598986801759766,2.7228831196720344
"mineral water, spaghetti, shrimp",3,64,0.008532195707239034,2.8770196214626633
"escalope, low fat yogurt",2,35,0.004666044527396347,0.7687026029924166
"cookies, low fat yogurt",2,40,0.005332622317024397,0.8668619735237864
"burgers, low fat yogurt",2,50,0.006665777896280496,0.99907830664152
"cake, low fat yogurt",2,52,0.006932409012131715,1.1176531267192371
"green tea, low fat yogurt",2,57,0.007598986801759766,0.7516375603427363
"pancakes, low fat yogurt",2,71,0.009465404612718305,1.3012959913209632
"ground beef, low fat yogurt",2,72,0.009598720170643914,1.2766512700986672
"frozen vegetables, low fat yogurt",2,76,0.010131982402346354,1.3890402280646184
"milk, low fat yogurt",2,99,0.013198240234635382,1.3309943218479807
"french fries, low fat yogurt",2,100,0.013331555792560993,1.0193404251849518
"chocolate, low fat yogurt",2,111,0.014798026929742702,1.1802618485327014
"spaghetti, low fat yogurt",2,114,0.015197973603519531,1.1406934491572
"eggs, low fat yogurt",2,126,0.01679776029862685,1.2214844032713326
"mineral water, low fat yogurt",2,180,0.023996800426609784,1.315564857470243
"mineral water, pancakes, low fat yogurt",3,32,0.004266097853619517,2.4604773559942137
"mineral water, ground beef, low fat yogurt",3,36,0.004799360085321957,2.677897420864123
"mineral water, frozen vegetables, low fat yogurt",3,34,0.004532728969470737,2.6069445832172957
"spaghetti, milk, low fat yogurt",3,33,0.004399413411545127,2.5481848923383623
"mineral water, milk, low fat yogurt",3,36,0.004799360085321957,2.0304633736387436
"mineral water, chocolate, low fat yogurt",3,43,0.005732568990801226,1.9181187768873724
"mineral water, spaghetti, low fat yogurt",3,42,0.005599253432875617,1.7630516582743763
"mineral water, eggs, low fat yogurt",3,46,0.0061325156645780565,1.8707978561270915
"cake, escalope",2,31,0.0041327822956939075,0.6427769792127378
"pancakes, escalope",2,44,0.005865884548726837,0.7779744716961119
"burgers, escalope",2,53,0.007065724570057326,1.021645722509187
"frozen vegetables, escalope",2,57,0.007598986801759766,1.0050114591291062
"milk, escalope",2,58,0.007732302359685375,0.7522529999654183
"ground beef, escalope",2,62,0.008265564591387815,1.0605384080362132
"green tea, escalope",2,67,0.008932142381015865,0.8523213119758499
"eggs, escalope",2,83,0.011065191307825623,0.7762299578585143
"spaghetti, escalope",2,105,0.013998133582189041,1.013557337176831
"french fries, escalope",2,123,0.01639781362485002,1.2095373562841676
"mineral water, escalope",2,128,0.017064391414478068,0.9024946891508281
"chocolate, escalope",2,132,0.01759765364618051,1.3540174084279766
"spaghetti, chocolate, escalope",3,33,0.004399413411545127,1.944196895217889
"mineral water, spaghetti, escalope",3,36,0.004799360085321957,1.4578511191109127
"french fries, chocolate, escalope",3,39,0.005199306759098787,2.3407016655091
"mineral water, chocolate, escalope",3,42,0.005599253432875617,1.8073874329959263
"ground beef, cookies",2,33,0.004399413411545127,0.5569911635850597
"milk, cookies",2,33,0.004399413411545127,0.4223276621010176
"pancakes, cookies",2,39,0.005199306759098787,0.6804197804804868
"burgers, cookies",2,42,0.005599253432875617,0.7988650022060948
"mineral water, cookies",2,56,0.007465671243834155,0.3896030659528606
"spaghetti, cookies",2,60,0.007998933475536596,0.5714916992373508
"chocolate, cookies",2,78,0.010398613518197574,0.7894862546502637
"eggs, cookies",2,79,0.010531929076123183,0.7290193444252525
"green tea, cookies",2,90,0.011998400213304892,1.1297197162522403
"french fries, cookies",2,100,0.013331555792560993,0.9703174196619607
"french fries, green tea, cookies",3,35,0.004666044527396347,2.5705578584354476
"ground beef, cake",2,61,0.008132249033462205,1.0211227058487469
"frozen vegetables, cake",2,77,0.010265297960271964,1.3286184210526317
"burgers, cake",2,86,0.011465137981602452,1.6223191292451309
"pancakes, cake",2,89,0.011865084655379284,1.5399834834280655
"milk, cake",2,100,0.013331555792560993,1.2692562811349364
"chocolate, cake",2,102,0.013598186908412212,1.0239149286968436
"green tea, cake",2,106,0.014131449140114652,1.3196166817143768
"french fries, cake",2,134,0.01786428476203173,1.289532699729042
"spaghetti, cake",2,136,0.018130915877882948,1.2847283791408075
"eggs, cake",2,143,0.019064124783362217,1.308765178431985
"mineral water, cake",2,206,0.027463004932675644,1.4213966649005063
"mineral water, frozen vegetables, cake",3,36,0.004799360085321957,2.6059357037346267
"mineral water, burgers, cake",3,36,0.004799360085321957,2.848996984969813
"spaghetti, pancakes, cake",3,31,0.0041327822956939075,3.0808016534319687
"mineral water, pancakes, cake",3,31,0.0041327822956939075,2.250294720012389
"spaghetti, milk, cake",3,31,0.0041327822956939075,2.259888455655344
"eggs, milk, cake",3,31,0.0041327822956939075,2.1894765008055477
"mineral water, milk, cake",3,48,0.006399146780429276,2.555890299273331
"eggs, chocolate, cake",3,32,0.004266097853619517,1.787487259010886
"spaghetti, chocolate, cake",3,39,0.005199306759098787,2.248559058688752
"mineral water, chocolate, cake",3,42,0.005599253432875617,1.7687426359088423
"mineral water, green tea, cake",3,31,0.0041327822956939075,1.6190314181320216
"french fries, green tea, cake",3,33,0.004399413411545127,2.4037373507992
"eggs, french fries, cake",3,34,0.004532728969470737,1.8206889285547214
"mineral water, french fries, cake",3,48,0.006399146780429276,1.9378513033492024
"eggs, spaghetti, cake",3,36,0.004799360085321957,1.8923618464700815
"mineral water, spaghetti, cake",3,53,0.007065724570057326,2.100389941573585
"mineral water, eggs, cake",3,54,0.007199040127982935,2.0733427613170523
"pancakes, burgers",2,79,0.010531929076123183,1.270805186338467
"frozen vegetables, burgers",2,79,0.010531929076123183,1.2672504865165415
"ground beef, burgers",2,90,0.011998400213304892,1.400607471400296
"chocolate, burgers",2,128,0.017064391414478068,1.1945367183981404
"green tea, burgers",2,131,0.0174643380882549,1.5161391360161947
"milk, burgers",2,134,0.01786428476203173,1.581175041844427
"spaghetti, burgers",2,161,0.021463804826023197,1.4139176513012162
"french fries, burgers",2,165,0.021997067057725635,1.4761732671141707
"mineral water, burgers",2,183,0.024396747100386616,1.1738834841861132
"eggs, burgers",2,216,0.02879616051193174,1.8378297443715457
"eggs, pancakes, burgers",3,31,0.0041327822956939075,2.774871359205106
"spaghetti, pancakes, burgers",3,33,0.004399413411545127,3.0488904199693705
"mineral water, frozen vegetables, burgers",3,37,0.004932675643247567,2.489939245294519
"milk, ground beef, burgers",3,31,0.0041327822956939075,3.722961316097191
"mineral water, ground beef, burgers",3,40,0.005332622317024397,2.611473189901472
"spaghetti, ground beef, burgers",3,41,0.005465937874950006,3.6646607313418276
"french fries, chocolate, burgers",3,36,0.004799360085321957,1.9657268750570416
"chocolate, milk, burgers",3,41,0.005465937874950006,2.9527473710204677
"eggs, chocolate, burgers",3,41,0.005465937874950006,2.129132377323364
"mineral water, chocolate, burgers",3,43,0.005732568990801226,1.6834865106014552
"spaghetti, chocolate, burgers",3,48,0.006399146780429276,2.572804342851585
"spaghetti, green tea, burgers",3,36,0.004799360085321957,2.393019579236577
"french fries, green tea, burgers",3,41,0.005465937874950006,2.776404627964157
"eggs, green tea, burgers",3,45,0.005999200106652446,2.8980745275250093
"eggs, milk, burgers",3,40,0.005332622317024397,2.6264214510994828
"french fries, milk, burgers",3,42,0.005599253432875617,2.8997167877427525
"spaghetti, milk, burgers",3,48,0.006399146780429276,3.253062281239299
"mineral water, milk, burgers",3,52,0.006932409012131715,2.574128048605556
"spaghetti, french fries, burgers",3,42,0.005599253432875617,2.1581353121638247
"mineral water, spaghetti, burgers",3,49,0.006532462338354886,1.8052858213421108
"eggs, spaghetti, burgers",3,54,0.007199040127982935,2.6388899143435998
"mineral water, french fries, burgers",3,39,0.005199306759098787,1.463759241367746
"eggs, french fries, burgers",3,68,0.009065457938941474,3.3852564787806436
"mineral water, eggs, burgers",3,59,0.007865617917610986,2.105984583020877
"frozen vegetables, pancakes",2,101,0.013464871350486601,1.486089506566365
"ground beef, pancakes",2,109,0.014531395813891481,1.555924952567267
"green tea, pancakes",2,123,0.01639781362485002,1.3057531811549385
"milk, pancakes",2,124,0.01653112918277563,1.3421005546609412
"chocolate, pancakes",2,149,0.01986401813091588,1.2754517121868998
"french fries, pancakes",2,151,0.020130649246767097,1.2391348108342286
"eggs, pancakes",2,163,0.021730435941874418,1.2721178536796502
"spaghetti, pancakes",2,189,0.025196640447940274,1.522468314328732
"mineral water, pancakes",2,253,0.03372883615517931,1.4886158620191963
"spaghetti, frozen vegetables, pancakes",3,33,0.004399413411545127,2.7887752932307253
"mineral water, frozen vegetables, pancakes",3,46,0.0061325156645780565,2.8394424872233928
"spaghetti, ground beef, pancakes",3,48,0.006399146780429276,3.9353138466213755
"mineral water, ground beef, pancakes",3,56,0.007465671243834155,3.353527142599983
"chocolate, green tea, pancakes",3,32,0.004266097853619517,2.0733529644630257
"french fries, green tea, pancakes",3,34,0.004532728969470737,2.1118644445459243
"spaghetti, green tea, pancakes",3,37,0.004932675643247567,2.2559719408745016
"mineral water, green tea, pancakes",3,43,0.005732568990801226,1.915032230721783
"eggs, milk, pancakes",3,35,0.004666044527396347,2.107951858894361
"chocolate, milk, pancakes",3,36,0.004799360085321957,2.3781166525264568
"spaghetti, milk, pancakes",3,37,0.004932675643247567,2.3000701578257527
"mineral water, milk, pancakes",3,59,0.007865617917610986,2.678964960715665
"french fries, chocolate, pancakes",3,41,0.005465937874950006,2.053490744420271
"eggs, chocolate, pancakes",3,42,0.005599253432875617,2.0005818130304167
"spaghetti, chocolate, pancakes",3,51,0.006799093454206106,2.507401707908829
"mineral water, chocolate, pancakes",3,70,0.009332089054792695,2.51378102532159
"eggs, french fries, pancakes",3,36,0.004799360085321957,1.6438923879302758
"spaghetti, french fries, pancakes",3,43,0.005732568990801226,2.026684072953686
"mineral water, french fries, pancakes",3,49,0.006532462338354886,1.68690001254615
"eggs, spaghetti, pancakes",3,50,0.006665777896280496,2.2412264349653452
"mineral water, eggs, pancakes",3,59,0.007865617917610986,1.9317165740472004
"mineral water, spaghetti, pancakes",3,86,0.011465137981602452,2.9062740285532724
"green tea, frozen vegetables",2,108,0.01439808025596587,1.1433079533987707
"ground beef, frozen vegetables",2,127,0.01693107585655246,1.807795732083385
"french fries, frozen vegetables",2,143,0.019064124783362217,1.1702028081123246
"eggs, frozen vegetables",2,163,0.021730435941874418,1.2685594820609658
"chocolate, frozen vegetables",2,172,0.022930275963204905,1.4682151046675047
"milk, frozen vegetables",2,177,0.023596853752832957,1.910381593714927
"spaghetti, frozen vegetables",2,209,0.027862951606452472,1.6788667687595713
"mineral water, frozen vegetables",2,268,0.03572856952406346,1.57246288387228
"spaghetti, green tea, frozen vegetables",3,32,0.004266097853619517,1.9456532150063364
"mineral water, green tea, frozen vegetables",3,34,0.004532728969470737,1.509975974537566
"eggs, ground beef, frozen vegetables",3,33,0.004399413411545127,2.6138992788955147
"chocolate, ground beef, frozen vegetables",3,43,0.005732568990801226,3.7357806988164706
"milk, ground beef, frozen vegetables",3,43,0.005732568990801226,4.723533414450044
"spaghetti, ground beef, frozen vegetables",3,65,0.008665511265164644,5.314164342123183
"mineral water, ground beef, frozen vegetables",3,69,0.009198773496867084,4.120466404457826
"mineral water, spaghetti, ground beef, frozen vegetables",4,33,0.004399413411545127,11.318456738072433
"eggs, french fries, frozen vegetables",3,39,0.005199306759098787,1.7759019281731616
"spaghetti, french fries, frozen vegetables",3,40,0.005332622317024397,1.8800139782286267
"french fries, chocolate, frozen vegetables",3,42,0.005599253432875617,2.0976917561797523
"french fries, milk, frozen vegetables",3,43,0.005732568990801226,2.7154790377922637
"mineral water, french fries, frozen vegetables",3,46,0.0061325156645780565,1.5791907124729165
"eggs, chocolate, frozen vegetables",3,43,0.005732568990801226,2.042485441415236
"eggs, spaghetti, frozen vegetables",3,43,0.005732568990801226,1.9220632522965737
"eggs, milk, frozen vegetables",3,55,0.007332355685908546,3.303230055805888
"mineral water, eggs, frozen vegetables",3,68,0.009065457938941474,2.220157553066361
"spaghetti, chocolate, frozen vegetables",3,59,0.007865617917610986,2.892605721831913
"chocolate, milk, frozen vegetables",3,60,0.007998933475536596,3.952440963289892
"mineral water, chocolate, frozen vegetables",3,73,0.009732035728569524,2.6141815901491197
"mineral water, spaghetti, chocolate, frozen vegetables",4,31,0.0041327822956939075,6.376033264165024
"spaghetti, milk, frozen vegetables",3,62,0.008265564591387815,3.8433907161914656
"mineral water, milk, frozen vegetables",3,83,0.011065191307825623,3.7581715635935127
"mineral water, spaghetti, milk, frozen vegetables",4,34,0.004532728969470737,8.842059139001716
"mineral water, spaghetti, frozen vegetables",3,90,0.011998400213304892,3.032942013534941
"french fries, ground beef",2,104,0.01386481802426343,0.8256519134578139
"green tea, ground beef",2,111,0.014798026929742702,1.1399898954908971
"eggs, ground beef",2,150,0.019997333688841486,1.1325386823637411
"milk, ground beef",2,165,0.021997067057725635,1.7277040722314354
"chocolate, ground beef",2,173,0.023063591521130515,1.4326691124597442
"spaghetti, ground beef",2,294,0.03919477403012932,2.291162176033379
"mineral water, ground beef",2,307,0.040927876283162246,1.7475215442008991
"mineral water, french fries, ground beef",3,40,0.005332622317024397,1.3322179923522333
"spaghetti, french fries, ground beef",3,42,0.005599253432875617,1.915088865882146
"mineral water, green tea, ground beef",3,39,0.005199306759098787,1.6803288390925066
"spaghetti, green tea, ground beef",3,48,0.006399146780429276,2.831361021837579
"eggs, milk, ground beef",3,44,0.005865884548726837,2.563700938834421
"eggs, chocolate, ground beef",3,49,0.006532462338354886,2.25800629326884
"eggs, spaghetti, ground beef",3,67,0.008932142381015865,2.9054444511459843
"mineral water, eggs, ground beef",3,76,0.010131982402346354,2.407282333658434
"chocolate, milk, ground beef",3,46,0.0061325156645780565,2.9397508657305416
"spaghetti, milk, ground beef",3,73,0.009732035728569524,4.3901995542437415
"mineral water, milk, ground beef",3,83,0.011065191307825623,3.645987337814602
"mineral water, spaghetti, milk, ground beef",4,33,0.004399413411545127,8.32581951411707
"spaghetti, chocolate, ground beef",3,69,0.009198773496867084,3.2818964488783533
"mineral water, chocolate, ground beef",3,82,0.010931875749900012,2.84882189235224
"mineral water, spaghetti, ground beef",3,128,0.017064391414478068,4.184755813036601
"green tea, milk",2,132,0.01759765364618051,1.027905470219631
"french fries, milk",2,178,0.023730169310758567,1.0714819950822727
"eggs, milk",2,231,0.03079589388081589,1.322436989412756
"chocolate, milk",2,241,0.03212904946007199,1.5132757067708698
"spaghetti, milk",2,266,0.03546193840821224,1.57177855922964
"mineral water, milk",2,360,0.04799360085321957,1.5537741320739085
"chocolate, green tea, milk",3,35,0.004666044527396347,1.6634684679840153
"spaghetti, green tea, milk",3,39,0.005199306759098787,1.7442946212850985
"mineral water, green tea, milk",3,43,0.005732568990801226,1.4047510087496207
"spaghetti, french fries, milk",3,48,0.006399146780429276,1.6595185116462572
"eggs, french fries, milk",3,54,0.007199040127982935,1.8087890009171088
"french fries, chocolate, milk",3,55,0.007332355685908546,2.0206674581562014
"mineral water, french fries, milk",3,62,0.008265564591387815,1.5656987896744585
"eggs, spaghetti, milk",3,67,0.008932142381015865,2.2029964614141875
"eggs, chocolate, milk",3,69,0.009198773496867084,2.4109010252708556
"mineral water, eggs, milk",3,98,0.013064924676709772,2.3536437869668356
"mineral water, eggs, spaghetti, milk",4,33,0.004399413411545127,4.5520244672880406
"mineral water, eggs, chocolate, milk",4,31,0.0041327822956939075,4.544055590468319
"spaghetti, chocolate, milk",3,82,0.010931875749900012,2.957269189352812
"mineral water, chocolate, milk",3,105,0.013998133582189041,2.765934986194898
"mineral water, spaghetti, chocolate, milk",4,37,0.004932675643247567,5.597967609301929
"mineral water, spaghetti, milk",3,118,0.01573123583522197,2.925117943323537
"chocolate, green tea",2,176,0.023463538194907346,1.0839426276685449
"eggs, green tea",2,191,0.025463271563791495,1.0724794665341186
"spaghetti, green tea",2,199,0.026529796027196375,1.153334837426579
"french fries, green tea",2,214,0.028529529396080524,1.263488400282732
"mineral water, green tea",2,233,0.03106252499666711,0.9863565151238103
"french fries, chocolate, green tea",3,39,0.005199306759098787,1.4053657830251407
"eggs, chocolate, green tea",3,41,0.005465937874950006,1.40509846091774
"mineral water, chocolate, green tea",3,52,0.006932409012131715,1.3435338805654211
"spaghetti, chocolate, green tea",3,53,0.007065724570057326,1.8747591685990928
"eggs, spaghetti, green tea",3,43,0.005732568990801226,1.3867560296589811
"mineral water, eggs, green tea",3,52,0.006932409012131715,1.224928144818177
"eggs, french fries, green tea",3,53,0.007065724570057326,1.7412560109736852
"spaghetti, french fries, green tea",3,40,0.005332622317024397,1.3564177542214615
"mineral water, spaghetti, green tea",3,62,0.008265564591387815,1.5074595746160324
"mineral water, french fries, green tea",3,46,0.0061325156645780565,1.1393757410879268
"eggs, chocolate",2,249,0.03319557392347687,1.1273966434316094
"french fries, chocolate",2,258,0.03439541394480736,1.2282844771886887
"spaghetti, chocolate",2,294,0.03919477403012932,1.373951605969569
"mineral water, chocolate",2,395,0.05265964538061592,1.348332068231752
"eggs, french fries, chocolate",3,63,0.008398880149313425,1.6689721131326294
"eggs, spaghetti, chocolate",3,79,0.010531929076123183,2.054378541941302
"mineral water, eggs, chocolate",3,101,0.013464871350486601,1.9184496924171646
"mineral water, eggs, spaghetti, chocolate",4,34,0.004532728969470737,3.7092315653262107
"spaghetti, french fries, chocolate",3,60,0.007998933475536596,1.6406143137918654
"mineral water, french fries, chocolate",3,64,0.008532195707239034,1.2782355220356008
"mineral water, spaghetti, chocolate",3,119,0.01586455139314758,2.3330428643126337
"spaghetti, french fries",2,207,0.027596320490601255,0.9273812453263829
"mineral water, french fries",2,253,0.03372883615517931,0.8279119419810351
"eggs, french fries",2,273,0.036395147313691506,1.1849605586597352
"eggs, spaghetti, french fries",3,60,0.007998933475536596,1.4957826347553431
"mineral water, spaghetti, french fries",3,76,0.010131982402346354,1.428411067910285
"mineral water, eggs, french fries",3,52,0.006932409012131715,0.9468828326948623
"eggs, spaghetti",2,274,0.036528462871617116,1.1674456173515524
"mineral water, spaghetti",2,448,0.05972536995067324,1.439085137945329
"mineral water, eggs, spaghetti",3,107,0.014264764698040262,1.912588433444532
"mineral water, eggs",2,382,0.05092654312758299,1.1888446882945318
